{
    "$schema": "vscode://schemas/color-theme",
    "type": "dark",
    "colors": {
        "actionBar.toggledBackground": "#383a49",
        "activityBar.activeBorder": "#ff0000",
        "activityBar.background": "#181818",
        "activityBar.border": "#2b2b2b",
        "activityBar.dropBorder": "#d7d7d7",
        "activityBar.foreground": "#d7d7d7",
        "activityBar.inactiveForeground": "#868686",
        "activityBarBadge.background": "#cc0000",
        "activityBarBadge.foreground": "#ffffff",
        "activityBarTop.activeBorder": "#e7e7e7",
        "activityBarTop.dropBorder": "#e7e7e7",
        "activityBarTop.foreground": "#e7e7e7",
        "activityBarTop.inactiveForeground": "#e7e7e799",
        "badge.background": "#cc0000",
        "badge.foreground": "#ffffff",
        "banner.background": "#aa0000",
        "banner.foreground": "#ffffff",
        "banner.iconForeground": "#3794ff",
        "breadcrumb.activeSelectionForeground": "#e0e0e0",
        "breadcrumb.background": "#111111",
        "breadcrumb.focusForeground": "#e0e0e0",
        "breadcrumb.foreground": "#cccccccc",
        "breadcrumbPicker.background": "#202020",
        "button.background": "#aa0000",
        "button.border": "#dd0000",
        "button.foreground": "#ffffff",
        "button.hoverBackground": "#ff0000",
        "button.secondaryBackground": "#313131",
        "button.secondaryForeground": "#cccccc",
        "button.secondaryHoverBackground": "#3c3c3c",
        "button.separator": "#ffffff66",
        "charts.blue": "#3794ff",
        "charts.foreground": "#cccccc",
        "charts.green": "#89d185",
        "charts.lines": "#cccccc80",
        "charts.orange": "#d18616",
        "charts.purple": "#b180d7",
        "charts.red": "#f14c4c",
        "charts.yellow": "#cca700",
        "chat.avatarBackground": "#1f1f1f",
        "chat.avatarForeground": "#cccccc",
        "chat.requestBackground": "#0505059e",
        "chat.requestBorder": "#ffffff1a",
        "chat.slashCommandBackground": "#34414b",
        "chat.slashCommandForeground": "#40a6ff",
        "checkbox.background": "#313131",
        "checkbox.border": "#3c3c3c",
        "checkbox.foreground": "#cccccc",
        "checkbox.selectBackground": "#202020",
        "checkbox.selectBorder": "#cccccc",
        "commandCenter.activeBackground": "#ffffff14",
        "commandCenter.activeBorder": "#cccccc4d",
        "commandCenter.activeForeground": "#cccccc",
        "commandCenter.background": "#ffffff0d",
        "commandCenter.border": "#cccccc33",
        "commandCenter.debuggingBackground": "#0078d442",
        "commandCenter.foreground": "#cccccc",
        "commandCenter.inactiveBorder": "#9d9d9d40",
        "commandCenter.inactiveForeground": "#9d9d9d",
        "commentsView.resolvedIcon": "#cccccc80",
        "commentsView.unresolvedIcon": "#333333",
        "debugConsole.errorForeground": "#f85149",
        "debugConsole.infoForeground": "#3794ff",
        "debugConsole.sourceForeground": "#cccccc",
        "debugConsole.warningForeground": "#cca700",
        "debugConsoleInputIcon.foreground": "#cccccc",
        "debugExceptionWidget.background": "#420b0d",
        "debugExceptionWidget.border": "#a31515",
        "debugIcon.breakpointCurrentStackframeForeground": "#ffcc00",
        "debugIcon.breakpointDisabledForeground": "#848484",
        "debugIcon.breakpointForeground": "#e51400",
        "debugIcon.breakpointStackframeForeground": "#89d185",
        "debugIcon.breakpointUnverifiedForeground": "#848484",
        "debugIcon.continueForeground": "#75beff",
        "debugIcon.disconnectForeground": "#f48771",
        "debugIcon.pauseForeground": "#75beff",
        "debugIcon.restartForeground": "#89d185",
        "debugIcon.startForeground": "#89d185",
        "debugIcon.stepBackForeground": "#75beff",
        "debugIcon.stepIntoForeground": "#75beff",
        "debugIcon.stepOutForeground": "#75beff",
        "debugIcon.stepOverForeground": "#75beff",
        "debugIcon.stopForeground": "#f48771",
        "debugTokenExpression.boolean": "#4e94ce",
        "debugTokenExpression.error": "#f48771",
        "debugTokenExpression.name": "#c586c0",
        "debugTokenExpression.number": "#b5cea8",
        "debugTokenExpression.string": "#ce9178",
        "debugTokenExpression.type": "#4a90e2",
        "debugTokenExpression.value": "#cccccc99",
        "debugToolBar.background": "#181818",
        "debugView.exceptionLabelBackground": "#6c2022",
        "debugView.exceptionLabelForeground": "#cccccc",
        "debugView.stateLabelBackground": "#88888844",
        "debugView.stateLabelForeground": "#cccccc",
        "debugView.valueChangedHighlight": "#569cd6",
        "descriptionForeground": "#9d9d9d",
        "diffEditor.diagonalFill": "#cccccc33",
        "diffEditor.insertedLineBackground": "#9bb95533",
        "diffEditor.insertedTextBackground": "#9ccc2c33",
        "diffEditor.move.border": "#8b8b8b9c",
        "diffEditor.moveActive.border": "#ffa500",
        "diffEditor.removedLineBackground": "#ff000033",
        "diffEditor.removedTextBackground": "#ff000033",
        "diffEditor.unchangedCodeBackground": "#74747429",
        "diffEditor.unchangedRegionBackground": "#131313",
        "diffEditor.unchangedRegionForeground": "#cccccc",
        "diffEditor.unchangedRegionShadow": "#000000",
        "disabledForeground": "#cccccc80",
        "dropdown.background": "#313131",
        "dropdown.border": "#3c3c3c",
        "dropdown.foreground": "#cccccc",
        "dropdown.listBackground": "#1f1f1f",
        "editor.background": "#050505",
        "editor.findMatchBackground": "#ffffff33",
        "editor.findMatchBorder": "#ffffff20",
        "editor.findMatchForeground": "#ffffff99",
        "editor.findMatchHighlightBackground": "#aa000033",
        "editor.findMatchHighlightBorder": "#aa000066",
        "editor.findRangeHighlightBackground": "#3a3d4166",
        "editor.findRangeHighlightBorder": "#f2345600",
        "editor.focusedStackFrameHighlightBackground": "#7abd7a4d",
        "editor.foldBackground": "#f851494d",
        "editor.foldPlaceholderForeground": "#ffffff00",
        "editor.foreground": "#cccccc",
        "editor.hoverHighlightBackground": "#f2345600",
        "editor.inactiveSelectionBackground": "#3a3d41fd",
        "editor.inlineValuesBackground": "#ffc80033",
        "editor.inlineValuesForeground": "#ffffff80",
        "editor.lineHighlightBackground": "#090909",
        "editor.lineHighlightBorder": "#101010",
        "editor.linkedEditingBackground": "#ff00004d",
        "editor.placeholder.foreground": "#ffffff56",
        "editor.rangeHighlightBackground": "#ffffff0b",
        "editor.rangeHighlightBorder": "#f2345600",
        "editor.selectionBackground": "#ffffff45",
        "editor.selectionForeground": "#ffffff",
        "editor.selectionHighlightBackground": "#ffffff15",
        "editor.selectionHighlightBorder": "#555555",
        "editor.snippetFinalTabstopHighlightBackground": "#f2345600",
        "editor.snippetFinalTabstopHighlightBorder": "#525252",
        "editor.snippetTabstopHighlightBackground": "#7c7c7c4d",
        "editor.snippetTabstopHighlightBorder": "#f2345600",
        "editor.stackFrameHighlightBackground": "#ffff0033",
        "editor.symbolHighlightBackground": "#ea5c0055",
        "editor.symbolHighlightBorder": "#f2345600",
        "editor.wordHighlightBackground": "#57575700",
        "editor.wordHighlightBorder": "#f2345600",
        "editor.wordHighlightStrongBackground": "#00497200",
        "editor.wordHighlightStrongBorder": "#f2345600",
        "editor.wordHighlightTextBackground": "#57575700",
        "editor.wordHighlightTextBorder": "#f2345600",
        "editorBracketHighlight.foreground1": "#ffd700",
        "editorBracketHighlight.foreground2": "#da70d6",
        "editorBracketHighlight.foreground3": "#179fff",
        "editorBracketHighlight.foreground4": "#00000000",
        "editorBracketHighlight.foreground5": "#00000000",
        "editorBracketHighlight.foreground6": "#00000000",
        "editorBracketHighlight.unexpectedBracket.foreground": "#ff1212cc",
        "editorBracketMatch.background": "#0064001a",
        "editorBracketMatch.border": "#888888",
        "editorBracketPairGuide.activeBackground1": "#00000000",
        "editorBracketPairGuide.activeBackground2": "#00000000",
        "editorBracketPairGuide.activeBackground3": "#00000000",
        "editorBracketPairGuide.activeBackground4": "#00000000",
        "editorBracketPairGuide.activeBackground5": "#00000000",
        "editorBracketPairGuide.activeBackground6": "#00000000",
        "editorBracketPairGuide.background1": "#00000000",
        "editorBracketPairGuide.background2": "#00000000",
        "editorBracketPairGuide.background3": "#00000000",
        "editorBracketPairGuide.background4": "#00000000",
        "editorBracketPairGuide.background5": "#00000000",
        "editorBracketPairGuide.background6": "#00000000",
        "editorCodeLens.foreground": "#999999",
        "editorCommentsWidget.rangeActiveBackground": "#3333331a",
        "editorCommentsWidget.rangeBackground": "#3333331a",
        "editorCommentsWidget.replyInputBackground": "#252526",
        "editorCommentsWidget.resolvedBorder": "#cccccc80",
        "editorCommentsWidget.unresolvedBorder": "#333333",
        "editorCursor.foreground": "#aeafad",
        "editorError.foreground": "#f14c4c",
        "editorGhostText.foreground": "#ffffff56",
        "editorGroup.border": "#ffffff17",
        "editorGroup.dropBackground": "#53595d80",
        "editorGroup.dropIntoPromptBackground": "#202020",
        "editorGroup.dropIntoPromptForeground": "#cccccc",
        "editorGroupHeader.noTabsBackground": "#050505",
        "editorGroupHeader.tabsBackground": "#090909",
        "editorGroupHeader.tabsBorder": "#2b2b2b",
        "editorGutter.addedBackground": "#000000",
        "editorGutter.background": "#000000",
        "editorGutter.commentGlyphForeground": "#cccccc",
        "editorGutter.commentRangeForeground": "#37373d",
        "editorGutter.commentUnresolvedGlyphForeground": "#cccccc",
        "editorGutter.deletedBackground": "#f85149",
        "editorGutter.foldingControlForeground": "#ffffff",
        "editorGutter.modifiedBackground": "#000000",
        "editorHint.foreground": "#eeeeeeb3",
        "editorHoverWidget.background": "#202020",
        "editorHoverWidget.border": "#454545",
        "editorHoverWidget.foreground": "#cccccc",
        "editorHoverWidget.highlightForeground": "#2aaaff",
        "editorHoverWidget.statusBarBackground": "#262626",
        "editorIndentGuide.activeBackground1": "#e3e4e229",
        "editorIndentGuide.activeBackground2": "#00000000",
        "editorIndentGuide.activeBackground3": "#00000000",
        "editorIndentGuide.activeBackground4": "#00000000",
        "editorIndentGuide.activeBackground5": "#00000000",
        "editorIndentGuide.activeBackground6": "#00000000",
        "editorIndentGuide.background1": "#e3e4e229",
        "editorIndentGuide.background2": "#00000000",
        "editorIndentGuide.background3": "#00000000",
        "editorIndentGuide.background4": "#00000000",
        "editorIndentGuide.background5": "#00000000",
        "editorIndentGuide.background6": "#00000000",
        "editorInfo.foreground": "#3794ff",
        "editorInlayHint.background": "#cc00001a",
        "editorInlayHint.foreground": "#969696",
        "editorInlayHint.parameterBackground": "#cc00001a",
        "editorInlayHint.parameterForeground": "#969696",
        "editorInlayHint.typeBackground": "#cc00001a",
        "editorInlayHint.typeForeground": "#969696",
        "editorLightBulb.foreground": "#ffd700",
        "editorLightBulbAi.foreground": "#ffd700",
        "editorLightBulbAutoFix.foreground": "#aa0000",
        "editorLineNumber.activeForeground": "#ffffff",
        "editorLineNumber.foreground": "#6e7681",
        "editorLink.activeForeground": "#4e94ce",
        "editorMarkerNavigation.background": "#050505",
        "editorMarkerNavigationError.background": "#f14c4c",
        "editorMarkerNavigationError.headerBackground": "#f14c4c1a",
        "editorMarkerNavigationInfo.background": "#3794ff",
        "editorMarkerNavigationInfo.headerBackground": "#3794ff1a",
        "editorMarkerNavigationWarning.background": "#cca700",
        "editorMarkerNavigationWarning.headerBackground": "#cca7001a",
        "editorMultiCursor.primary.foreground": "#aeafad",
        "editorMultiCursor.secondary.foreground": "#aeafad",
        "editorOverviewRuler.addedForeground": "#2ea04399",
        "editorOverviewRuler.border": "#010409",
        "editorOverviewRuler.bracketMatchForeground": "#a0a0a0",
        "editorOverviewRuler.commentForeground": "#37373d",
        "editorOverviewRuler.commentUnresolvedForeground": "#37373d",
        "editorOverviewRuler.commonContentForeground": "#60606066",
        "editorOverviewRuler.currentContentForeground": "#40c8ae80",
        "editorOverviewRuler.deletedForeground": "#f8514999",
        "editorOverviewRuler.errorForeground": "#ff1212b3",
        "editorOverviewRuler.findMatchForeground": "#d186167e",
        "editorOverviewRuler.incomingContentForeground": "#40a6ff80",
        "editorOverviewRuler.infoForeground": "#3794ff",
        "editorOverviewRuler.inlineChatInserted": "#9ccc2c1f",
        "editorOverviewRuler.inlineChatRemoved": "#ff00001f",
        "editorOverviewRuler.modifiedForeground": "#0078d499",
        "editorOverviewRuler.rangeHighlightForeground": "#007acc99",
        "editorOverviewRuler.selectionHighlightForeground": "#a0a0a0cc",
        "editorOverviewRuler.warningForeground": "#cca700",
        "editorOverviewRuler.wordHighlightForeground": "#a0a0a0cc",
        "editorOverviewRuler.wordHighlightStrongForeground": "#c0a0c0cc",
        "editorOverviewRuler.wordHighlightTextForeground": "#a0a0a0cc",
        "editorPane.background": "#050505",
        "editorRuler.foreground": "#5a5a5a",
        "editorStickyScroll.background": "#050505",
        "editorStickyScroll.shadow": "#000000",
        "editorStickyScrollHover.background": "#2a2d2e",
        "editorSuggestWidget.background": "#202020",
        "editorSuggestWidget.border": "#454545",
        "editorSuggestWidget.focusHighlightForeground": "#2aaaff",
        "editorSuggestWidget.foreground": "#cccccc",
        "editorSuggestWidget.highlightForeground": "#2aaaff",
        "editorSuggestWidget.selectedBackground": "#aa0000",
        "editorSuggestWidget.selectedForeground": "#ffffff",
        "editorSuggestWidget.selectedIconForeground": "#ffffff",
        "editorSuggestWidgetStatus.foreground": "#cccccc80",
        "editorUnicodeHighlight.background": "#f2345600",
        "editorUnicodeHighlight.border": "#cca700",
        "editorUnnecessaryCode.opacity": "#00000077",
        "editorWarning.foreground": "#cca700",
        "editorWatermark.foreground": "#cccccc99",
        "editorWhitespace.foreground": "#e3e4e23a",
        "editorWidget.background": "#202020",
        "editorWidget.border": "#454545",
        "editorWidget.foreground": "#cccccc",
        "errorForeground": "#f85149",
        "extensionBadge.remoteBackground": "#cc0000",
        "extensionBadge.remoteForeground": "#ffffff",
        "extensionButton.background": "#aa0000",
        "extensionButton.foreground": "#ffffff",
        "extensionButton.hoverBackground": "#ff0000",
        "extensionButton.prominentBackground": "#aa0000",
        "extensionButton.prominentForeground": "#ffffff",
        "extensionButton.prominentHoverBackground": "#ff0000",
        "extensionButton.separator": "#ffffff66",
        "extensionIcon.preReleaseForeground": "#1d9271fd",
        "extensionIcon.sponsorForeground": "#d758b3fd",
        "extensionIcon.starForeground": "#ff8e00fd",
        "extensionIcon.verifiedForeground": "#4daafcfd",
        "focusBorder": "#333333",
        "foreground": "#cccccc",
        "gitDecoration.addedResourceForeground": "#81b88b",
        "gitDecoration.conflictingResourceForeground": "#e4676b",
        "gitDecoration.deletedResourceForeground": "#c74e39",
        "gitDecoration.ignoredResourceForeground": "#8c8c8c",
        "gitDecoration.modifiedResourceForeground": "#e2c08d",
        "gitDecoration.renamedResourceForeground": "#73c991",
        "gitDecoration.stageDeletedResourceForeground": "#c74e39",
        "gitDecoration.stageModifiedResourceForeground": "#e2c08d",
        "gitDecoration.submoduleResourceForeground": "#8db9e2",
        "gitDecoration.untrackedResourceForeground": "#73c991",
        "icon.foreground": "#cccccc",
        "inlineChat.background": "#202020",
        "inlineChat.border": "#454545",
        "inlineChat.foreground": "#cccccc",
        "inlineChat.shadow": "#0000005c",
        "inlineChatDiff.inserted": "#9ccc2c1a",
        "inlineChatDiff.removed": "#ff00001a",
        "inlineChatInput.background": "#313131",
        "inlineChatInput.border": "#454545",
        "inlineChatInput.focusBorder": "#333333",
        "inlineChatInput.placeholderForeground": "#989898",
        "input.background": "#313131",
        "input.border": "#3c3c3c",
        "input.foreground": "#cccccc",
        "input.placeholderForeground": "#989898",
        "inputOption.activeBackground": "#2489db82",
        "inputOption.activeBorder": "#2488db",
        "inputOption.activeForeground": "#ffffff",
        "inputOption.hoverBackground": "#5a5d5e80",
        "inputValidation.errorBackground": "#5a1d1d",
        "inputValidation.errorBorder": "#be1100",
        "inputValidation.infoBackground": "#063b49",
        "inputValidation.infoBorder": "#007acc",
        "inputValidation.warningBackground": "#352a05",
        "inputValidation.warningBorder": "#b89500",
        "interactive.activeCodeBorder": "#007acc",
        "interactive.inactiveCodeBorder": "#37373d",
        "keybindingLabel.background": "#8080802b",
        "keybindingLabel.border": "#33333399",
        "keybindingLabel.bottomBorder": "#44444499",
        "keybindingLabel.foreground": "#cccccc",
        "keybindingTable.headerBackground": "#cccccc0a",
        "keybindingTable.rowsBackground": "#cccccc0a",
        "list.activeSelectionBackground": "#440000",
        "list.activeSelectionForeground": "#ffffff",
        "list.activeSelectionIconForeground": "#ffffff",
        "list.deemphasizedForeground": "#8c8c8c",
        "list.dropBackground": "#383b3d",
        "list.dropBetweenBackground": "#cccccc",
        "list.errorForeground": "#f88070",
        "list.filterMatchBackground": "#ea5c0055",
        "list.focusHighlightForeground": "#2aaaff",
        "list.focusOutline": "#bb0000",
        "list.highlightForeground": "#2aaaff",
        "list.hoverBackground": "#20000000",
        "list.inactiveFocusOutline": "#00000094",
        "list.inactiveSelectionBackground": "#37373d94",
        "list.invalidItemForeground": "#b89500",
        "list.warningForeground": "#cca700",
        "listFilterWidget.background": "#202020",
        "listFilterWidget.noMatchesOutline": "#be1100",
        "listFilterWidget.outline": "#00000000",
        "listFilterWidget.shadow": "#0000005c",
        "menu.background": "#1f1f1f",
        "menu.border": "#454545",
        "menu.foreground": "#cccccc",
        "menu.selectionBackground": "#aa0000",
        "menu.selectionForeground": "#ffffff",
        "menu.separatorBackground": "#454545",
        "menubar.selectionBackground": "#5a5d5e50",
        "menubar.selectionForeground": "#cccccc",
        "merge.commonContentBackground": "#60606029",
        "merge.commonHeaderBackground": "#60606066",
        "merge.currentContentBackground": "#40c8ae33",
        "merge.currentHeaderBackground": "#40c8ae80",
        "merge.incomingContentBackground": "#40a6ff33",
        "merge.incomingHeaderBackground": "#40a6ff80",
        "mergeEditor.change.background": "#9bb95533",
        "mergeEditor.change.word.background": "#9ccc2c33",
        "mergeEditor.changeBase.background": "#4b1818",
        "mergeEditor.changeBase.word.background": "#6f1313",
        "mergeEditor.conflict.handled.minimapOverViewRuler": "#adaca8ee",
        "mergeEditor.conflict.handledFocused.border": "#c1c1c1cc",
        "mergeEditor.conflict.handledUnfocused.border": "#86868649",
        "mergeEditor.conflict.input1.background": "#40c8ae33",
        "mergeEditor.conflict.input2.background": "#40a6ff33",
        "mergeEditor.conflict.unhandled.minimapOverViewRuler": "#fcba03",
        "mergeEditor.conflict.unhandledFocused.border": "#ffa600",
        "mergeEditor.conflict.unhandledUnfocused.border": "#ffa6007a",
        "mergeEditor.conflictingLines.background": "#ffea0047",
        "minimap.errorHighlight": "#ff1212b3",
        "minimap.findMatchHighlight": "#d18616fd",
        "minimap.foregroundOpacity": "#000000",
        "minimap.infoHighlight": "#3794ff",
        "minimap.selectionHighlight": "#264f78fd",
        "minimap.selectionOccurrenceHighlight": "#676767fd",
        "minimap.warningHighlight": "#cca700",
        "minimapGutter.addedBackground": "#2ea043",
        "minimapGutter.deletedBackground": "#f85149",
        "minimapGutter.modifiedBackground": "#0078d4",
        "minimapSlider.activeBackground": "#bfbfbf33",
        "minimapSlider.background": "#79797933",
        "minimapSlider.hoverBackground": "#64646459",
        "multiDiffEditor.border": "#555555",
        "multiDiffEditor.headerBackground": "#262626",
        "notebook.cellBorderColor": "#37373d",
        "notebook.cellEditorBackground": "#131313",
        "notebook.cellInsertionIndicator": "#333333",
        "notebook.cellStatusBarItemHoverBackground": "#ffffff26",
        "notebook.cellToolbarSeparator": "#80808059",
        "notebook.editorBackground": "#050505",
        "notebook.focusedCellBorder": "#333333",
        "notebook.focusedEditorBorder": "#333333",
        "notebook.inactiveFocusedCellBorder": "#37373d",
        "notebook.selectedCellBackground": "#37373d",
        "notebook.selectedCellBorder": "#37373d",
        "notebook.symbolHighlightBackground": "#ffffff0b",
        "notebookEditorOverviewRuler.runningCellForeground": "#89d185",
        "notebookScrollbarSlider.activeBackground": "#bfbfbf66",
        "notebookScrollbarSlider.background": "#79797966",
        "notebookScrollbarSlider.hoverBackground": "#646464b3",
        "notebookStatusErrorIcon.foreground": "#f85149",
        "notebookStatusRunningIcon.foreground": "#cccccc",
        "notebookStatusSuccessIcon.foreground": "#89d185",
        "notificationCenter.border": "#313131",
        "notificationCenterHeader.background": "#1f1f1f",
        "notificationCenterHeader.foreground": "#cccccc",
        "notificationLink.foreground": "#4daafc",
        "notificationToast.border": "#313131",
        "notifications.background": "#1f1f1f",
        "notifications.border": "#2b2b2b",
        "notifications.foreground": "#cccccc",
        "notificationsErrorIcon.foreground": "#f14c4c",
        "notificationsInfoIcon.foreground": "#3794ff",
        "notificationsWarningIcon.foreground": "#cca700",
        "panel.background": "#181818",
        "panel.border": "#2b2b2b",
        "panel.dropBorder": "#cccccc",
        "panelInput.border": "#2b2b2b",
        "panelSection.border": "#2b2b2b",
        "panelSection.dropBackground": "#53595d80",
        "panelSectionHeader.background": "#80808033",
        "panelStickyScroll.background": "#181818",
        "panelStickyScroll.shadow": "#000000",
        "panelTitle.activeBorder": "#ff0000",
        "panelTitle.activeForeground": "#cccccc",
        "panelTitle.inactiveForeground": "#666666",
        "peekView.border": "#3794ff",
        "peekViewEditor.background": "#1f1f1f",
        "peekViewEditor.matchHighlightBackground": "#bb800966",
        "peekViewEditor.matchHighlightBorder": "#f2345600",
        "peekViewEditorGutter.background": "#1f1f1f",
        "peekViewEditorStickyScroll.background": "#1f1f1f",
        "peekViewResult.background": "#1f1f1f",
        "peekViewResult.fileForeground": "#ffffff",
        "peekViewResult.lineForeground": "#bbbbbb",
        "peekViewResult.matchHighlightBackground": "#bb800966",
        "peekViewResult.selectionBackground": "#3399ff33",
        "peekViewResult.selectionForeground": "#ffffff",
        "peekViewTitle.background": "#252526",
        "peekViewTitleDescription.foreground": "#ccccccb3",
        "peekViewTitleLabel.foreground": "#ffffff",
        "pickerGroup.border": "#3c3c3c",
        "pickerGroup.foreground": "#3794ff",
        "ports.iconRunningProcessForeground": "#369432",
        "problemsErrorIcon.foreground": "#f14c4c",
        "problemsInfoIcon.foreground": "#3794ff",
        "problemsWarningIcon.foreground": "#cca700",
        "profileBadge.background": "#4d4d4d",
        "profileBadge.foreground": "#ffffff",
        "profiles.sashBorder": "#2b2b2b",
        "progressBar.background": "#0078d4",
        "quickInput.background": "#222222",
        "quickInput.foreground": "#cccccc",
        "quickInputList.focusBackground": "#aa0000",
        "quickInputList.focusForeground": "#ffffff",
        "quickInputList.focusIconForeground": "#ffffff",
        "quickInputTitle.background": "#ffffff1b",
        "sash.hoverBorder": "#333333",
        "scrollbar.shadow": "#000000",
        "scrollbarSlider.activeBackground": "#bfbfbf66",
        "scrollbarSlider.background": "#79797966",
        "scrollbarSlider.hoverBackground": "#646464b3",
        "search.resultsInfoForeground": "#cccccca6",
        "searchEditor.findMatchBackground": "#ea5c0038",
        "searchEditor.findMatchBorder": "#00000000",
        "searchEditor.textInputBorder": "#3c3c3c",
        "settings.checkboxBackground": "#410000",
        "settings.checkboxBorder": "#510000",
        "settings.checkboxForeground": "#eeeeee",
        "settings.dropdownBackground": "#410000",
        "settings.dropdownBorder": "#510000",
        "settings.dropdownForeground": "#eeeeee",
        "settings.dropdownListBorder": "#510000",
        "settings.focusedRowBackground": "#30000000",
        "settings.focusedRowBorder": "#66000000",
        "settings.headerBorder": "#bb0000",
        "settings.headerForeground": "#ffffff",
        "settings.modifiedItemIndicator": "#bb800966",
        "settings.numberInputBackground": "#410000",
        "settings.numberInputBorder": "#510000",
        "settings.numberInputForeground": "#eeeeee",
        "settings.rowHoverBackground": "#20000000",
        "settings.sashBorder": "#770000",
        "settings.settingsHeaderHoverForeground": "#ffffffb3",
        "settings.textInputBackground": "#410000",
        "settings.textInputBorder": "#510000",
        "settings.textInputForeground": "#eeeeee",
        "sideBar.background": "#131313",
        "sideBar.border": "#666666",
        "sideBar.dropBackground": "#53595d80",
        "sideBar.foreground": "#cccccc",
        "sideBarActivityBarTop.border": "#555555",
        "sideBarSectionHeader.background": "#181818",
        "sideBarSectionHeader.border": "#555555",
        "sideBarSectionHeader.foreground": "#cccccc",
        "sideBarStickyScroll.background": "#131313",
        "sideBarStickyScroll.shadow": "#000000",
        "sideBarTitle.background": "#131313",
        "sideBarTitle.foreground": "#cccccc",
        "sideBySideEditor.horizontalBorder": "#ffffff17",
        "sideBySideEditor.verticalBorder": "#ffffff17",
        "simpleFindWidget.sashBorder": "#454545",
        "statusBar.background": "#181818",
        "statusBar.border": "#666666",
        "statusBar.debuggingBackground": "#0078d4",
        "statusBar.debuggingBorder": "#666666",
        "statusBar.debuggingForeground": "#ffffff",
        "statusBar.focusBorder": "#151515",
        "statusBar.foreground": "#cccccc",
        "statusBar.noFolderBackground": "#1f1f1f",
        "statusBar.noFolderBorder": "#666666",
        "statusBar.noFolderForeground": "#cccccc",
        "statusBarItem.activeBackground": "#ffffff2e",
        "statusBarItem.compactHoverBackground": "#ffffff33",
        "statusBarItem.errorBackground": "#b91007",
        "statusBarItem.errorForeground": "#ffffff",
        "statusBarItem.errorHoverBackground": "#ffffff1f",
        "statusBarItem.errorHoverForeground": "#cccccc",
        "statusBarItem.focusBorder": "#0078d4",
        "statusBarItem.hoverBackground": "#ffffff1f",
        "statusBarItem.hoverForeground": "#cccccc",
        "statusBarItem.offlineBackground": "#6c1717",
        "statusBarItem.offlineForeground": "#ffffff",
        "statusBarItem.offlineHoverBackground": "#ffffff1f",
        "statusBarItem.offlineHoverForeground": "#cccccc",
        "statusBarItem.prominentBackground": "#6e768166",
        "statusBarItem.prominentForeground": "#cccccc",
        "statusBarItem.prominentHoverBackground": "#0000004d",
        "statusBarItem.prominentHoverForeground": "#cccccc",
        "statusBarItem.remoteBackground": "#bb0000",
        "statusBarItem.remoteForeground": "#ffffff",
        "statusBarItem.remoteHoverBackground": "#ffffff1f",
        "statusBarItem.remoteHoverForeground": "#cccccc",
        "statusBarItem.warningBackground": "#7a6400",
        "statusBarItem.warningForeground": "#ffffff",
        "statusBarItem.warningHoverBackground": "#ffffff1f",
        "statusBarItem.warningHoverForeground": "#cccccc",
        "symbolIcon.arrayForeground": "#cccccc",
        "symbolIcon.booleanForeground": "#cccccc",
        "symbolIcon.classForeground": "#ee9d28",
        "symbolIcon.colorForeground": "#cccccc",
        "symbolIcon.constantForeground": "#cccccc",
        "symbolIcon.constructorForeground": "#b180d7",
        "symbolIcon.enumeratorForeground": "#ee9d28",
        "symbolIcon.enumeratorMemberForeground": "#75beff",
        "symbolIcon.eventForeground": "#ee9d28",
        "symbolIcon.fieldForeground": "#75beff",
        "symbolIcon.fileForeground": "#cccccc",
        "symbolIcon.folderForeground": "#cccccc",
        "symbolIcon.functionForeground": "#b180d7",
        "symbolIcon.interfaceForeground": "#75beff",
        "symbolIcon.keyForeground": "#cccccc",
        "symbolIcon.keywordForeground": "#cccccc",
        "symbolIcon.methodForeground": "#b180d7",
        "symbolIcon.moduleForeground": "#cccccc",
        "symbolIcon.namespaceForeground": "#cccccc",
        "symbolIcon.nullForeground": "#cccccc",
        "symbolIcon.numberForeground": "#cccccc",
        "symbolIcon.objectForeground": "#cccccc",
        "symbolIcon.operatorForeground": "#cccccc",
        "symbolIcon.packageForeground": "#cccccc",
        "symbolIcon.propertyForeground": "#cccccc",
        "symbolIcon.referenceForeground": "#cccccc",
        "symbolIcon.snippetForeground": "#cccccc",
        "symbolIcon.stringForeground": "#cccccc",
        "symbolIcon.structForeground": "#cccccc",
        "symbolIcon.textForeground": "#cccccc",
        "symbolIcon.typeParameterForeground": "#cccccc",
        "symbolIcon.unitForeground": "#cccccc",
        "symbolIcon.variableForeground": "#75beff",
        "tab.activeBackground": "#250000",
        "tab.activeBorder": "#aa000000",
        "tab.activeBorderTop": "#ff0000",
        "tab.activeForeground": "#e0e0e0",
        "tab.activeModifiedBorder": "#cccccc",
        "tab.border": "#444444",
        "tab.dragAndDropBorder": "#ffffff",
        "tab.hoverBackground": "#222222",
        "tab.inactiveBackground": "#151515",
        "tab.inactiveForeground": "#9d9d9d",
        "tab.inactiveModifiedBorder": "#cccccc",
        "tab.lastPinnedBorder": "#777777",
        "tab.selectedBackground": "#151515",
        "tab.selectedBorderTop": "#ff0000",
        "tab.selectedForeground": "#9d9d9d",
        "tab.unfocusedActiveBackground": "#aa0000",
        "tab.unfocusedActiveBorder": "#1f1f1f",
        "tab.unfocusedActiveBorderTop": "#2b2b2b",
        "tab.unfocusedActiveForeground": "#ffffff80",
        "tab.unfocusedActiveModifiedBorder": "#3399cc80",
        "tab.unfocusedHoverBackground": "#1f1f1f",
        "tab.unfocusedInactiveBackground": "#151515",
        "tab.unfocusedInactiveForeground": "#9d9d9d80",
        "tab.unfocusedInactiveModifiedBorder": "#3399cc40",
        "terminal.ansiBlack": "#2e3436",
        "terminal.ansiBlue": "#3465a4",
        "terminal.ansiBrightBlack": "#555753",
        "terminal.ansiBrightBlue": "#729fcf",
        "terminal.ansiBrightCyan": "#06989a",
        "terminal.ansiBrightGreen": "#8ae234",
        "terminal.ansiBrightMagenta": "#ad7fa8",
        "terminal.ansiBrightRed": "#ef2929",
        "terminal.ansiBrightWhite": "#eeeeec",
        "terminal.ansiBrightYellow": "#fce94f",
        "terminal.ansiCyan": "#00c5cd",
        "terminal.ansiGreen": "#4e9a06",
        "terminal.ansiMagenta": "#75507b",
        "terminal.ansiRed": "#cc0000",
        "terminal.ansiWhite": "#d3d7cf",
        "terminal.ansiYellow": "#c4a000",
        "terminal.background": "#0c0d0e",
        "terminal.border": "#2b2b2b",
        "terminal.dropBackground": "#53595d80",
        "terminal.findMatchBackground": "#9e6a03fd",
        "terminal.findMatchBorder": "#ffffff",
        "terminal.findMatchHighlightBackground": "#ea5c0055",
        "terminal.findMatchHighlightBorder": "#f2345600",
        "terminal.foreground": "#b7b8b9",
        "terminal.hoverHighlightBackground": "#264f7820",
        "terminal.inactiveSelectionBackground": "#3a3d41",
        "terminal.initialHintForeground": "#ffffff56",
        "terminal.selectionBackground": "#264f78",
        "terminal.tab.activeBorder": "#ff0000",
        "terminalCommandDecoration.defaultBackground": "#ffffff40",
        "terminalCommandDecoration.errorBackground": "#f14c4c",
        "terminalCommandDecoration.successBackground": "#1b81a8",
        "terminalCursor.background": "#b7b8b9",
        "terminalCursor.foreground": "#b7b8b9",
        "terminalOverviewRuler.cursorForeground": "#a0a0a0cc",
        "terminalOverviewRuler.findMatchForeground": "#d186167e",
        "terminalStickyScrollHover.background": "#2a2d2e",
        "testing.coverCountBadgeBackground": "#cc0000",
        "testing.coverCountBadgeForeground": "#ffffff",
        "testing.coveredBackground": "#9ccc2c33",
        "testing.coveredBorder": "#9ccc2c26",
        "testing.coveredGutterBackground": "#9ccc2c1f",
        "testing.iconErrored": "#f14c4c",
        "testing.iconErrored.retired": "#f14c4cb3",
        "testing.iconFailed": "#f14c4c",
        "testing.iconFailed.retired": "#f14c4cb3",
        "testing.iconPassed": "#73c991",
        "testing.iconPassed.retired": "#73c991b3",
        "testing.iconQueued": "#cca700",
        "testing.iconQueued.retired": "#cca700b3",
        "testing.iconSkipped": "#848484",
        "testing.iconSkipped.retired": "#848484b3",
        "testing.iconUnset": "#848484",
        "testing.iconUnset.retired": "#848484b3",
        "testing.message.error.lineBackground": "#ff000033",
        "testing.message.info.decorationForeground": "#cccccc80",
        "testing.messagePeekBorder": "#3794ff",
        "testing.messagePeekHeaderBackground": "#3794ff1a",
        "testing.peekBorder": "#f14c4c",
        "testing.peekHeaderBackground": "#f14c4c1a",
        "testing.runAction": "#73c991",
        "testing.uncoveredBackground": "#ff000033",
        "testing.uncoveredBorder": "#ff000026",
        "testing.uncoveredBranchBackground": "#690303",
        "testing.uncoveredGutterBackground": "#ff00004d",
        "textBlockQuote.background": "#2b2b2b",
        "textBlockQuote.border": "#616161",
        "textCodeBlock.background": "#4d4d4d",
        "textLink.activeForeground": "#4daafc",
        "textLink.foreground": "#4daafc",
        "textPreformat.background": "#3c3c3c",
        "textPreformat.foreground": "#d0d0d0",
        "textSeparator.foreground": "#21262d",
        "titleBar.activeBackground": "#181818",
        "titleBar.activeForeground": "#cccccc",
        "titleBar.border": "#2b2b2b",
        "titleBar.inactiveBackground": "#1f1f1f",
        "titleBar.inactiveForeground": "#9d9d9d",
        "toolbar.activeBackground": "#63666750",
        "toolbar.hoverBackground": "#5a5d5e50",
        "tree.inactiveIndentGuidesStroke": "#00ff0066",
        "tree.indentGuidesStroke": "#00ff00",
        "tree.tableColumnsBorder": "#cccccc20",
        "tree.tableOddRowsBackground": "#cccccc0a",
        "walkThrough.embeddedEditorBackground": "#00000066",
        "walkthrough.stepTitle.foreground": "#ffffff",
        "welcomePage.progress.background": "#313131",
        "welcomePage.progress.foreground": "#0078d4",
        "welcomePage.tileBackground": "#2b2b2b",
        "welcomePage.tileBorder": "#ffffff1a",
        "welcomePage.tileHoverBackground": "#262626",
        "widget.border": "#313131",
        "widget.shadow": "#0000005c"
        //"activityErrorBadge.background": "#f14c4c",
        //"activityErrorBadge.foreground": "#000000",
        //"activityWarningBadge.background": "#cca700",
        //"activityWarningBadge.foreground": "#000000",
        //"chart.axis": "#bfbfbf66",
        //"chart.guide": "#bfbfbf33",
        //"chart.line": "#236b8e",
        //"chat.editedFileForeground": "#e2c08d",
        //"checkbox.disabled.background": "#646464",
        //"checkbox.disabled.foreground": "#989898",
        //"editor.compositionBorder": "#ffffff",
        //"editorActionList.background": "#202020",
        //"editorActionList.focusBackground": "#440000",
        //"editorActionList.focusForeground": "#ffffff",
        //"editorActionList.foreground": "#cccccc",
        //"editorGutter.addedSecondaryBackground": "#000000",
        //"editorGutter.deletedSecondaryBackground": "#b91007",
        //"editorGutter.itemBackground": "#222225",
        //"editorGutter.itemGlyphForeground": "#cccccc",
        //"editorGutter.modifiedSecondaryBackground": "#000000",
        //"editorMinimap.inlineChatInserted": "#9ccc2c1f",
        //"errorLens.errorBackground": "#e454541b",
        //"errorLens.errorBackgroundLight": "#e4545420",
        //"errorLens.errorForeground": "#ff6464",
        //"errorLens.errorForegroundLight": "#e45454",
        //"errorLens.errorMessageBackground": "#e4545419",
        //"errorLens.errorRangeBackground": "#e4545419",
        //"errorLens.hintBackground": "#17a2a220",
        //"errorLens.hintBackgroundLight": "#17a2a220",
        //"errorLens.hintForeground": "#2faf64",
        //"errorLens.hintForegroundLight": "#2faf64",
        //"errorLens.hintMessageBackground": "#17a2a219",
        //"errorLens.hintRangeBackground": "#17a2a219",
        //"errorLens.infoBackground": "#00b7e420",
        //"errorLens.infoBackgroundLight": "#00b7e420",
        //"errorLens.infoForeground": "#00b7e4",
        //"errorLens.infoForegroundLight": "#00b7e4",
        //"errorLens.infoMessageBackground": "#00b7e419",
        //"errorLens.infoRangeBackground": "#00b7e419",
        //"errorLens.statusBarErrorForeground": "#ff6464",
        //"errorLens.statusBarHintForeground": "#2faf64",
        //"errorLens.statusBarIconErrorForeground": "#ff6464",
        //"errorLens.statusBarIconWarningForeground": "#fa973a",
        //"errorLens.statusBarInfoForeground": "#00b7e4",
        //"errorLens.statusBarWarningForeground": "#fa973a",
        //"errorLens.warningBackground": "#ff942f1b",
        //"errorLens.warningBackgroundLight": "#ff942f20",
        //"errorLens.warningForeground": "#fa973a",
        //"errorLens.warningForegroundLight": "#ff942f",
        //"errorLens.warningMessageBackground": "#ff942f19",
        //"errorLens.warningRangeBackground": "#ff942f19",
        //"extensionIcon.privateForeground": "#ffffff60",
        //"gauge.background": "#007acc",
        //"gauge.errorBackground": "#be1100",
        //"gauge.errorForeground": "#be11004d",
        //"gauge.foreground": "#007acc4d",
        //"gauge.warningBackground": "#b89500",
        //"gauge.warningForeground": "#b895004d",
        //"git.blame.editorDecorationForeground": "#969696",
        //"inlineEdit.gutterIndicator.background": "#15151580",
        //"inlineEdit.gutterIndicator.primaryBackground": "#aa000066",
        //"inlineEdit.gutterIndicator.primaryBorder": "#aa0000",
        //"inlineEdit.gutterIndicator.primaryForeground": "#ffffff",
        //"inlineEdit.gutterIndicator.secondaryBackground": "#313131",
        //"inlineEdit.gutterIndicator.secondaryBorder": "#313131",
        //"inlineEdit.gutterIndicator.secondaryForeground": "#cccccc",
        //"inlineEdit.gutterIndicator.successfulBackground": "#aa0000",
        //"inlineEdit.gutterIndicator.successfulBorder": "#aa0000",
        //"inlineEdit.gutterIndicator.successfulForeground": "#ffffff",
        //"inlineEdit.modifiedBackground": "#9ccc2c0f",
        //"inlineEdit.modifiedBorder": "#9ccc2c33",
        //"inlineEdit.modifiedChangedLineBackground": "#9bb95524",
        //"inlineEdit.modifiedChangedTextBackground": "#9ccc2c24",
        //"inlineEdit.originalBackground": "#ff00000a",
        //"inlineEdit.originalBorder": "#ff000033",
        //"inlineEdit.originalChangedLineBackground": "#ff000029",
        //"inlineEdit.originalChangedTextBackground": "#ff000029",
        //"inlineEdit.tabWillAcceptModifiedBorder": "#9ccc2c33",
        //"inlineEdit.tabWillAcceptOriginalBorder": "#ff000033",
        //"list.filterMatchBorder": "#aa000066",
        //"markdown.extension.editor.codeSpan.background": "#00000000",
        //"markdown.extension.editor.codeSpan.border": "#ffffff45",
        //"markdown.extension.editor.formattingMark.foreground": "#e3e4e23a",
        //"markdown.extension.editor.trailingSpace.background": "#cccccc33",
        //"minimap.chatEditHighlight": "#05050599",
        //"multiDiffEditor.background": "#050505",
        //"notesHub.folderYellow": "#ffeead",
        //"notesHub.foreground": "#dddddd",
        //"notesHub.globe": "#7cac4c",
        //"notesHub.priority1": "#ff4444",
        //"notesHub.sparkleBlue": "#b9f2ff",
        //"panelTitleBadge.background": "#cc0000",
        //"panelTitleBadge.foreground": "#ffffff",
        //"prompt.frontMatter.background": "#040404",
        //"prompt.frontMatter.inactiveBackground": "#050505",
        //"radio.activeBackground": "#2489db82",
        //"radio.activeBorder": "#2488db",
        //"radio.activeForeground": "#ffffff",
        //"radio.inactiveBorder": "#ffffff33",
        //"radio.inactiveHoverBackground": "#5a5d5e80",
        //"scmGraph.foreground1": "#ffb000",
        //"scmGraph.foreground2": "#dc267f",
        //"scmGraph.foreground3": "#994f00",
        //"scmGraph.foreground4": "#40b0a6",
        //"scmGraph.foreground5": "#b66dff",
        //"scmGraph.historyItemBaseRefColor": "#ea5c00",
        //"scmGraph.historyItemHoverAdditionsForeground": "#81b88b",
        //"scmGraph.historyItemHoverDefaultLabelBackground": "#cc0000",
        //"scmGraph.historyItemHoverDefaultLabelForeground": "#cccccc",
        //"scmGraph.historyItemHoverDeletionsForeground": "#c74e39",
        //"scmGraph.historyItemHoverLabelForeground": "#ffffff",
        //"scmGraph.historyItemRefColor": "#3794ff",
        //"scmGraph.historyItemRemoteRefColor": "#b180d7",
        //"terminalCommandGuide.foreground": "#37373d94",
        //"terminalOverviewRuler.border": "#010409",
        //"terminalSymbolIcon.aliasForeground": "#b180d7",
        //"terminalSymbolIcon.argumentForeground": "#75beff",
        //"terminalSymbolIcon.fileForeground": "#cccccc",
        //"terminalSymbolIcon.flagForeground": "#ee9d28",
        //"terminalSymbolIcon.folderForeground": "#cccccc",
        //"terminalSymbolIcon.methodForeground": "#b180d7",
        //"terminalSymbolIcon.optionForeground": "#ee9d28",
        //"terminalSymbolIcon.optionValueForeground": "#75beff",
        //"testing.message.error.badgeBackground": "#f14c4c",
        //"testing.message.error.badgeBorder": "#f14c4c",
        //"testing.message.error.badgeForeground": "#000000",
        //"activityBar.activeBackground": null,
        //"activityBar.activeFocusBorder": null,
        //"activityBarTop.activeBackground": null,
        //"activityBarTop.background": null,
        //"contrastActiveBorder": null,
        //"contrastBorder": null,
        //"debugToolBar.border": null,
        //"diffEditor.border": null,
        //"diffEditor.insertedTextBorder": null,
        //"diffEditor.removedTextBorder": null,
        //"diffEditorGutter.insertedLineBackground": null,
        //"diffEditorGutter.removedLineBackground": null,
        //"diffEditorOverview.insertedForeground": null,
        //"diffEditorOverview.removedForeground": null,
        //"editor.findMatchHighlightForeground": null,
        //"editorCursor.background": null,
        //"editorError.background": null,
        //"editorError.border": null,
        //"editorGhostText.background": null,
        //"editorGhostText.border": null,
        //"editorGroup.dropIntoPromptBorder": null,
        //"editorGroup.emptyBackground": null,
        //"editorGroup.focusedEmptyBorder": null,
        //"editorGroupHeader.border": null,
        //"editorHint.border": null,
        //"editorInfo.background": null,
        //"editorInfo.border": null,
        //"editorLineNumber.dimmedForeground": null,
        //"editorMultiCursor.primary.background": null,
        //"editorMultiCursor.secondary.background": null,
        //"editorOverviewRuler.background": null,
        //"editorStickyScroll.border": null,
        //"editorUnnecessaryCode.border": null,
        //"editorWarning.background": null,
        //"editorWarning.border": null,
        //"editorWidget.resizeBorder": null,
        //"gauge.border": null,
        //"inputValidation.errorForeground": null,
        //"inputValidation.infoForeground": null,
        //"inputValidation.warningForeground": null,
        //"list.focusAndSelectionOutline": null,
        //"list.focusBackground": null,
        //"list.focusForeground": null,
        //"list.hoverForeground": null,
        //"list.inactiveFocusBackground": null,
        //"list.inactiveSelectionForeground": null,
        //"list.inactiveSelectionIconForeground": null,
        //"menu.selectionBorder": null,
        //"menubar.selectionBorder": null,
        //"merge.border": null,
        //"minimap.background": null,
        //"notebook.cellHoverBackground": null,
        //"notebook.focusedCellBackground": null,
        //"notebook.inactiveSelectedCellBorder": null,
        //"notebook.outputContainerBackgroundColor": null,
        //"notebook.outputContainerBorderColor": null,
        //"outputView.background": null,
        //"outputViewStickyScroll.background": null,
        //"panelSectionHeader.border": null,
        //"panelSectionHeader.foreground": null,
        //"panelStickyScroll.border": null,
        //"panelTitle.border": null,
        //"radio.inactiveBackground": null,
        //"radio.inactiveForeground": null,
        //"selection.background": null,
        //"sideBarStickyScroll.border": null,
        //"sideBarTitle.border": null,
        //"tab.hoverBorder": null,
        //"tab.hoverForeground": null,
        //"tab.unfocusedHoverBorder": null,
        //"tab.unfocusedHoverForeground": null,
        //"terminal.selectionForeground": null,
        //"terminalStickyScroll.background": null,
        //"terminalStickyScroll.border": null,
        //"terminalSymbolIcon.inlineSuggestionForeground": null,
        //"testing.message.info.lineBackground": null,
        //"toolbar.hoverOutline": null,
        //"welcomePage.background": null,
        //"window.activeBorder": null,
        //"window.inactiveBorder": null
    },
    "tokenColors": [
        {
            "scope": [
                "meta.embedded",
                "source.groovy.embedded",
                "string meta.image.inline.markdown",
                "variable.legacy.builtin.python"
            ],
            "settings": {
                "foreground": "#D4D4D4"
            }
        },
        {
            "scope": "emphasis",
            "settings": {
                "fontStyle": "italic"
            }
        },
        {
            "scope": "strong",
            "settings": {
                "fontStyle": "bold"
            }
        },
        {
            "scope": "header",
            "settings": {
                "foreground": "#000080"
            }
        },
        {
            "scope": "comment",
            "settings": {
                "foreground": "#6A9955"
            }
        },
        {
            "scope": "constant.language",
            "settings": {
                "foreground": "#569CD6"
            }
        },
        {
            "scope": [
                "constant.numeric",
                "variable.other.enummember",
                "keyword.operator.plus.exponent",
                "keyword.operator.minus.exponent"
            ],
            "settings": {
                "foreground": "#B5CEA8"
            }
        },
        {
            "scope": "constant.regexp",
            "settings": {
                "foreground": "#646695"
            }
        },
        {
            "scope": "entity.name.tag",
            "settings": {
                "foreground": "#569CD6"
            }
        },
        {
            "scope": [
                "entity.name.tag.css",
                "entity.name.tag.less"
            ],
            "settings": {
                "foreground": "#D7BA7D"
            }
        },
        {
            "scope": "entity.other.attribute-name",
            "settings": {
                "foreground": "#9CDCFE"
            }
        },
        {
            "scope": [
                "entity.other.attribute-name.class.css",
                "source.css entity.other.attribute-name.class",
                "entity.other.attribute-name.id.css",
                "entity.other.attribute-name.parent-selector.css",
                "entity.other.attribute-name.parent.less",
                "source.css entity.other.attribute-name.pseudo-class",
                "entity.other.attribute-name.pseudo-element.css",
                "source.css.less entity.other.attribute-name.id",
                "entity.other.attribute-name.scss"
            ],
            "settings": {
                "foreground": "#D7BA7D"
            }
        },

        { "scope": ["red.txte"], "settings": { "foreground": "#F44747" } },
        { "scope": ["gold.txte"], "settings": { "foreground": "#FFAF00" } },
        { "scope": ["green.txte"], "settings": { "foreground": "#6A9955" } },
        { "scope": ["purple.txte"], "settings": { "foreground": "#B267E6" } },
        { "scope": ["cyan.txte"], "settings": { "foreground": "#4FC1FF" } },
        { "scope": ["blue.txte"], "settings": { "foreground": "#0770ff" } },
        { "scope": ["grey.txte"], "settings": { "foreground": "#666666" } },

        {
            "scope": "invalid",
            "settings": {
                "foreground": "#F44747"
            }
        },
        {
            "scope": "markup.underline",
            "settings": {
                "fontStyle": "underline"
            }
        },
        {
            "scope": "markup.bold",
            "settings": {
                "foreground": "#569CD6",
                "fontStyle": "bold"
            }
        },
        {
            "scope": "markup.heading",
            "settings": {
                "foreground": "#569CD6",
                "fontStyle": "bold"
            }
        },
        {
            "scope": "markup.italic",
            "settings": {
                "fontStyle": "italic"
            }
        },
        {
            "scope": "markup.strikethrough",
            "settings": {
                "fontStyle": "strikethrough"
            }
        },
        {
            "scope": "markup.inserted",
            "settings": {
                "foreground": "#B5CEA8"
            }
        },
        {
            "scope": "markup.deleted",
            "settings": {
                "foreground": "#CE9178"
            }
        },
        {
            "scope": "markup.changed",
            "settings": {
                "foreground": "#569CD6"
            }
        },
        {
            "scope": "punctuation.definition.quote.begin.markdown",
            "settings": {
                "foreground": "#6A9955"
            }
        },
        {
            "scope": "punctuation.definition.list.begin.markdown",
            "settings": {
                "foreground": "#6796E6"
            }
        },
        {
            "scope": "markup.inline.raw",
            "settings": {
                "foreground": "#CE9178"
            }
        },
        {
            "scope": "punctuation.definition.tag",
            "settings": {
                "foreground": "#808080"
            }
        },
        {
            "scope": [
                "meta.preprocessor",
                "entity.name.function.preprocessor"
            ],
            "settings": {
                "foreground": "#569CD6"
            }
        },
        {
            "scope": "meta.preprocessor.string",
            "settings": {
                "foreground": "#CE9178"
            }
        },
        {
            "scope": "meta.preprocessor.numeric",
            "settings": {
                "foreground": "#B5CEA8"
            }
        },
        {
            "scope": "meta.structure.dictionary.key.python",
            "settings": {
                "foreground": "#9CDCFE"
            }
        },
        {
            "scope": "meta.diff.header",
            "settings": {
                "foreground": "#569CD6"
            }
        },
        {
            "scope": "storage",
            "settings": {
                "foreground": "#569CD6"
            }
        },
        {
            "scope": "storage.type",
            "settings": {
                "foreground": "#569CD6"
            }
        },
        {
            "scope": [
                "storage.modifier",
                "keyword.operator.noexcept"
            ],
            "settings": {
                "foreground": "#569CD6"
            }
        },
        {
            "scope": [
                "string",
                "meta.embedded.assembly"
            ],
            "settings": {
                "foreground": "#CE9178"
            }
        },
        {
            "scope": "string.tag",
            "settings": {
                "foreground": "#CE9178"
            }
        },
        {
            "scope": "string.value",
            "settings": {
                "foreground": "#CE9178"
            }
        },
        {
            "scope": "string.regexp",
            "settings": {
                "foreground": "#D16969"
            }
        },
        {
            "scope": [
                "punctuation.definition.template-expression.begin",
                "punctuation.definition.template-expression.end",
                "punctuation.section.embedded"
            ],
            "settings": {
                "foreground": "#569CD6"
            }
        },
        {
            "scope": [
                "meta.template.expression"
            ],
            "settings": {
                "foreground": "#D4D4D4"
            }
        },
        {
            "scope": [
                "support.type.vendored.property-name",
                "support.type.property-name",
                "source.css variable",
                "source.coffee.embedded"
            ],
            "settings": {
                "foreground": "#9CDCFE"
            }
        },
        {
            "scope": "keyword",
            "settings": {
                "foreground": "#569CD6"
            }
        },
        {
            "scope": "keyword.control",
            "settings": {
                "foreground": "#569CD6"
            }
        },
        {
            "scope": "keyword.operator",
            "settings": {
                "foreground": "#D4D4D4"
            }
        },
        {
            "scope": [
                "keyword.operator.new",
                "keyword.operator.expression",
                "keyword.operator.cast",
                "keyword.operator.sizeof",
                "keyword.operator.alignof",
                "keyword.operator.typeid",
                "keyword.operator.alignas",
                "keyword.operator.instanceof",
                "keyword.operator.logical.python",
                "keyword.operator.wordlike"
            ],
            "settings": {
                "foreground": "#569CD6"
            }
        },
        {
            "scope": "keyword.other.unit",
            "settings": {
                "foreground": "#B5CEA8"
            }
        },
        {
            "scope": [
                "punctuation.section.embedded.begin.php",
                "punctuation.section.embedded.end.php"
            ],
            "settings": {
                "foreground": "#569CD6"
            }
        },
        {
            "scope": "support.function.git-rebase",
            "settings": {
                "foreground": "#9CDCFE"
            }
        },
        {
            "scope": "constant.sha.git-rebase",
            "settings": {
                "foreground": "#B5CEA8"
            }
        },
        {
            "scope": [
                "storage.modifier.import.java",
                "variable.language.wildcard.java",
                "storage.modifier.package.java"
            ],
            "settings": {
                "foreground": "#D4D4D4"
            }
        },
        {
            "scope": "variable.language",
            "settings": {
                "foreground": "#569CD6"
            }
        },
        {
            "scope": [
                "entity.name.function",
                "support.function",
                "support.constant.handlebars",
                "source.powershell variable.other.member",
                "entity.name.operator.custom-literal"
            ],
            "settings": {
                "foreground": "#DCDCAA"
            }
        },
        {
            "scope": [
                "support.class",
                "support.type",
                "entity.name.type",
                "entity.name.namespace",
                "entity.other.attribute",
                "entity.name.scope-resolution",
                "entity.name.class",
                "storage.type.numeric.go",
                "storage.type.byte.go",
                "storage.type.boolean.go",
                "storage.type.string.go",
                "storage.type.uintptr.go",
                "storage.type.error.go",
                "storage.type.rune.go",
                "storage.type.cs",
                "storage.type.generic.cs",
                "storage.type.modifier.cs",
                "storage.type.variable.cs",
                "storage.type.annotation.java",
                "storage.type.generic.java",
                "storage.type.java",
                "storage.type.object.array.java",
                "storage.type.primitive.array.java",
                "storage.type.primitive.java",
                "storage.type.token.java",
                "storage.type.groovy",
                "storage.type.annotation.groovy",
                "storage.type.parameters.groovy",
                "storage.type.generic.groovy",
                "storage.type.object.array.groovy",
                "storage.type.primitive.array.groovy",
                "storage.type.primitive.groovy"
            ],
            "settings": {
                "foreground": "#4EC9B0"
            }
        },
        {
            "scope": [
                "meta.type.cast.expr",
                "meta.type.new.expr",
                "support.constant.math",
                "support.constant.dom",
                "support.constant.json",
                "entity.other.inherited-class"
            ],
            "settings": {
                "foreground": "#4EC9B0"
            }
        },
        {
            "scope": [
                "keyword.control",
                "source.cpp keyword.operator.new",
                "keyword.operator.delete",
                "keyword.other.using",
                "keyword.other.directive.using",
                "keyword.other.operator",
                "entity.name.operator"
            ],
            "settings": {
                "foreground": "#C586C0"
            }
        },
        {
            "scope": [
                "variable",
                "meta.definition.variable.name",
                "support.variable",
                "entity.name.variable",
                "constant.other.placeholder"
            ],
            "settings": {
                "foreground": "#9CDCFE"
            }
        },
        {
            "scope": [
                "variable.other.constant",
                "variable.other.enummember"
            ],
            "settings": {
                "foreground": "#4FC1FF"
            }
        },
        {
            "scope": [
                "meta.object-literal.key"
            ],
            "settings": {
                "foreground": "#9CDCFE"
            }
        },
        {
            "scope": [
                "support.constant.property-value",
                "support.constant.font-name",
                "support.constant.media-type",
                "support.constant.media",
                "constant.other.color.rgb-value",
                "constant.other.rgb-value",
                "support.constant.color"
            ],
            "settings": {
                "foreground": "#CE9178"
            }
        },
        {
            "scope": [
                "punctuation.definition.group.regexp",
                "punctuation.definition.group.assertion.regexp",
                "punctuation.definition.character-class.regexp",
                "punctuation.character.set.begin.regexp",
                "punctuation.character.set.end.regexp",
                "keyword.operator.negation.regexp",
                "support.other.parenthesis.regexp"
            ],
            "settings": {
                "foreground": "#CE9178"
            }
        },
        {
            "scope": [
                "constant.character.character-class.regexp",
                "constant.other.character-class.set.regexp",
                "constant.other.character-class.regexp",
                "constant.character.set.regexp"
            ],
            "settings": {
                "foreground": "#D16969"
            }
        },
        {
            "scope": [
                "keyword.operator.or.regexp",
                "keyword.control.anchor.regexp"
            ],
            "settings": {
                "foreground": "#DCDCAA"
            }
        },
        {
            "scope": "keyword.operator.quantifier.regexp",
            "settings": {
                "foreground": "#D7BA7D"
            }
        },
        {
            "scope": [
                "constant.character",
                "constant.other.option"
            ],
            "settings": {
                "foreground": "#569CD6"
            }
        },
        {
            "scope": "constant.character.escape",
            "settings": {
                "foreground": "#D7BA7D"
            }
        },
        {
            "scope": "entity.name.label",
            "settings": {
                "foreground": "#C8C8C8"
            }
        },
        {
            "scope": "token.info-token",
            "settings": {
                "foreground": "#6796E6"
            }
        },
        {
            "scope": "token.warn-token",
            "settings": {
                "foreground": "#CD9731"
            }
        },
        {
            "scope": "token.error-token",
            "settings": {
                "foreground": "#F44747"
            }
        },
        {
            "scope": "token.debug-token",
            "settings": {
                "foreground": "#B267E6"
            }
        },
        {
            "scope": [
                "comment.line.powershell"
            ],
            "settings": {
                "foreground": "#51FF00",
                "fontStyle": "italic bold underline"
            }
        }
    ]
}
